qid,abstractqueryexpansion,abstractqueryexpansion.qld.map,qid.1,backtranslation_yue_hant,backtranslation_yue_hant.qld.map,qid.2,backtranslation_kor_hang,backtranslation_kor_hang.qld.map,qid.3,backtranslation_arb_arab,backtranslation_arb_arab.qld.map,qid.4,backtranslation_pes_arab,backtranslation_pes_arab.qld.map,qid.5,backtranslation_fra_latn,backtranslation_fra_latn.qld.map,qid.6,backtranslation_deu_latn,backtranslation_deu_latn.qld.map,qid.7,backtranslation_rus_cyrl,backtranslation_rus_cyrl.qld.map,qid.8,backtranslation_zsm_latn,backtranslation_zsm_latn.qld.map,qid.9,backtranslation_tam_taml,backtranslation_tam_taml.qld.map,qid.10,backtranslation_swh_latn,backtranslation_swh_latn.qld.map
701,U.S. oil industry history,0.04,701,The history of the U S  oil industry,0.0211,701,The history of the oil industry in the United States,0.0176,701,The history of the American oil industry,0.0411,701,The history of the U S  oil industry,0.0211,701,The history of the American oil industry,0.0411,701,The history of the US oil industry,0.0471,701,The history of the U S  oil industry,0.0211,701,History of the U S  oil industry,0.0211,701,The history of the U S  oil industry,0.0211,701,The history of the U S  oil industry,0.0211
702,Pearl farming,0.0608,702,Pearl farming,0.0608,702,Pearl farming,0.0608,702,The pearl planting,0.0099,702,He killed Pearl,0.0002,702,Cultivation of pearls,0.0615,702,Pearl farming,0.0608,702,Pearl farming,0.0608,702,Pearl farming,0.0608,702,pearl farming,0.0608,702,The pearl farm,0.0608
703,U.S. against International Criminal Court,,703,The United States is against the International Criminal Court,,703,The United States of America is appealing to the International Criminal Court,,703,United States v  International Criminal Court,,703,United States v  International Criminal Court,,703,United States v  International Criminal Court,,703,The United States v  International Criminal Court,,703,United States v  International Criminal Court,,703,The United States v  the International Criminal Court,,703,The United States v  International Criminal Court,,703,United States v  International Criminal Court,
704,Green party political views,0.1778,704,The Green Party s political views,0.1293,704,The political views of the Green Party,0.1778,704,The views of the Green Party,0.1413,704,The political views of the Green Party,0.1778,704,The political views of the Green Party,0.1778,704,Political views of the Greens,0.0088,704,Political views of the Green Party,0.1778,704,Green Party political views,0.1778,704,Green Party political views,0.1778,704,The political views of the Green Party,0.1778
705,Iraq foreign debt reduction,0.2673,705,Iraq s foreign debt is down,0.1709,705,Iraq s foreign debt cuts,0.0603,705,Cut the foreign debt in Iraq,0.0695,705,Reducing Iraq s foreign debt,0.2118,705,Reduction of Iraq s external debt,0.2846,705,Reduction of foreign debt in Iraq,0.2673,705,Reducing Iraq s external debt,0.3072,705,Debt reduction outside Iraq,0.3853,705,Iraq s foreign debt reduction,0.2055,705,Reducing Iraq s foreign debt,0.2118
706,Controlling type II diabetes,0.1465,706,Control of type II diabetes,0.1465,706,Control of type   diabetes,0.151,706,Control of type   diabetes,0.151,706,Control of type   diabetes,0.151,706,Control of type II diabetes,0.1465,706,Control of type II diabetes,0.1465,706,Control of type II diabetes,0.1465,706,Managing type   diabetes,0.1182,706,Control of type II diabetes,0.1465,706,Control of type II diabetes,0.1465
707,Aspirin cancer prevention,0.4181,707,The anti cancer aspirin,0.3886,707,Aspirin is a cancer prevention drug,0.3188,707,Prevention of cancer,0.0124,707,Prevention of cancer from aspirin,0.4164,707,Prevention of cancer by aspirin,0.4181,707,Aspirin for the Prevention of Cancer,0.4181,707,Prevention of cancer with aspirin,0.4181,707,Aspirin to prevent cancer,0.4181,707,Aspirin is used to prevent cancer,0.3959,707,How to fight cancer with aspirin,0.2338
708,Decorative slate sources,0.2576,708,The source of the decoration,0.0,708,Slate source for decoration,0.2576,708,The sources of the ornamental stone,0.0012,708,Sources of fertility,0.0,708,Sources of decorative clay,0.0031,708,Slate and shale sources,0.1,708,The sources of decorative leaves,0.0,708,Sources of decorative slate,0.2576,708,The decorative silk pieces,0.0,708,The origins of the decorative slate,0.1419
709,Horse racing jockey weight,0.7709,709,The weight of the race car,0.0117,709,Horse racing jockey weight,0.7709,709,The weight of the forerunners,0.0,709,The weight of a horse race joke,0.5711,709,Weight of the Horsemen,0.2051,709,Weight of horse racing,0.6301,709,The weight of a horse rider,0.2599,709,Heavy jockey horse racing,0.6169,709,The weight of the horse racing team,0.5944,709,The weight of horse racing jockeys,0.7709
710,Prostate cancer treatments,0.4807,710,Treatment of prostate cancer,0.4807,710,Treatment of prostate cancer,0.4807,710,Treatment for prostate cancer,0.4807,710,Treatment for prostate cancer,0.4807,710,Treatment of prostate cancer,0.4807,710,Treatment of prostate cancer,0.4807,710,Treatment of prostate cancer,0.4807,710,Treatment of prostate cancer,0.4807,710,Treatments for Prostate Cancer,0.4807,710,Treatment of prostate cancer,0.4807
711,Train station security measures,0.059,711,Railway station security measures,0.059,711,Security measures at the train station,0.059,711,Security measures for the train station,0.059,711,Security measures at the train station,0.059,711,Safety measures at railway stations,0.0092,711,Safety measures for railway stations,0.0092,711,Safety measures at railway stations,0.0092,711,Railway station security measures,0.059,711,Railway station security measures,0.059,711,Safety measures at the train station,0.0007
712,Pyramid scheme,0.5687,712,The pyramid scheme,0.5687,712,The pyramid scheme,0.5687,712,The pyramid system,0.0929,712,The pyramid scheme,0.5687,712,The pyramid scheme,0.5687,712,Pyramid scheme,0.5687,712,The pyramid scheme,0.5687,712,The Pyramid Scheme,0.5687,712,Pyramid scheme,0.5687,712,The pyramidal system,0.0929
713,Chesapeake Bay Maryland clean,0.3134,713,Chesapeake Bay is clean  Maryland,0.3134,713,Chesapeake Bay  Maryland is clean,0.3134,713,The Chesapeake Bay   Maryland   is clean,0.3134,713,Chesapeake Bay  Maryland is clear,0.0947,713,Chesapeake Bay Maryland clean,0.3134,713,Chesapeake Bay Maryland clean,0.3134,713,The clean Chesapeake Bay of Maryland,0.3134,713,Chesapeake Bay Maryland is clean,0.3134,713,Chesapeake Bay is Maryland s cleanest,0.0992,713,Chesapeake Bay Maryland clean,0.3134
714,License restrictions older drivers,0.1482,714,The driver is a restricted driver,0.0362,714,Restrictions on old driver s licenses,0.0229,714,The restrictions on older drivers  licenses,0.1482,714,Restrictions on older drivers  licenses,0.1482,714,Restrictions on driving licences for older drivers,0.0738,714,Licence restrictions for older drivers,0.0454,714,Limitations on driving rights of older drivers,0.0804,714,Restrictions on older driving licences,0.0185,714,Driving license restrictions,0.0424,714,Restrictions on a driver s license for older persons,0.1741
715,Schizophrenia drugs,0.1559,715,Schizophrenia drugs,0.1559,715,The cure for psychosis,0.0021,715,Headache medication,0.0,715,Schizophrenia drugs,0.1559,715,Drugs for schizophrenia,0.1559,715,Schizophrenia medicines,0.0444,715,Medicines for schizophrenia,0.0444,715,Schizophrenia medicines,0.0444,715,Schizophrenia medications,0.0685,715,Medications for mental illness,0.0003
716,Spammer arrest sue,0.1113,716,Spam was arrested and charged,0.0545,716,Spammers arresting lawsuit,0.2437,716,The race arrest case,0.0,716,The Spammer arrest case,0.1682,716,The spammers are being prosecuted,0.0817,716,Spammer arrest lawsuit,0.2437,716,The request for the arrest of the spammer,0.1093,716,Spammer arrested for suing,0.1106,716,The case of the spammers arrest,0.1682,716,Spammer arrested trial,0.137
717,Gifted talented student programs,0.3678,717,The student program is excellent,0.004,717,A program for talented students,0.2758,717,Talented student programs,0.2758,717,Talented student programs,0.2758,717,Programs for talented students,0.2758,717,Talented students,0.3018,717,Programs for talented students,0.2758,717,Talented student program,0.2758,717,Talented student programs,0.2758,717,Programs for gifted students,0.2791
718,Controlling acid rain,0.3188,718,Control the acid rain,0.3188,718,I m going to control the wavelength,0.0,718,Control of acid rain,0.3188,718,Acid rain control,0.3188,718,Control of acid rain,0.3188,718,Control of acid rain,0.3188,718,Control of acid rain,0.3188,718,Managing acid rain,0.1876,718,Control of acid rain,0.3188,718,Control of acid rain,0.3188
719,Cruise ship damage sea life,0.061,719,The damage to marine life caused by cruise ships,0.1794,719,The marine life of a cruise ship,0.1367,719,Damage to ships,0.0024,719,Damage to the marine life of cruise ships,0.1701,719,Damage to cruise ships,0.1362,719,Damage to cruise ships,0.1362,719,Damage to the marine life of cruise ships,0.1701,719,Damage to the marine life cruise ship,0.1701,719,The impact of marine life on ships,0.0281,719,Sea life for ships,0.0018
720,Federal welfare reform,0.2937,720,Federal welfare reform,0.2937,720,Federal welfare reforms,0.2937,720,Federal welfare reform,0.2937,720,Federal welfare reforms,0.2937,720,Federal welfare reform,0.2937,720,Federal welfare reform,0.2937,720,Federal reform of social security,0.0,720,Federal welfare reform,0.2937,720,Federal welfare reform,0.2937,720,Reforms to federal welfare,0.2937
721,Census data applications,0.0607,721,The census data request,0.0226,721,Application for census data,0.0607,721,Requests for statistical data,0.0002,721,Request for census data,0.0226,721,Applications of census data,0.0607,721,Applications for census data,0.0607,721,Applications for the population census data,0.0349,721,Applications for survey data,0.0001,721,Applications for census data,0.0607,721,Request for census data,0.0226
722,Iran terrorism,0.4926,722,Iran s terrorism,0.4503,722,Terrorism in Iran,0.4926,722,The Iranian terrorism,0.403,722,Terrorism in Iran,0.4926,722,Iran s terrorism,0.4503,722,Terrorism in Iran,0.4926,722,Iran s terrorism,0.4503,722,Iran is a terrorist,0.4283,722,Iran terrorism,0.4926,722,Terrorism as a Crime,0.0
723,Executive privilege,0.1191,723,The privilege of execution,0.1191,723,The privilege of execution,0.1191,723,Executive privileges,0.1191,723,The executive award,0.0,723,Executive privilege,0.1191,723,Priority of leadership,0.0,723,The executive privilege,0.1191,723,Executive powers,0.0007,723,The administrative right,0.0,723,Freedom of Leadership,0.0
724,Iran Contra,0.1939,724,Iran is against it,0.0,724,Half of Iran,0.0001,724,Iran,0.0,724,Against Iran,0.0,724,The EU is a strong supporter of the EU,0.0,724,Infringement of the procedure,0.0,724,The counter Iran,0.0002,724,Contra Iran,0.1939,724,against Iran,0.0,724,Contra Iran,0.1939
725,Low white blood cell count,0.2302,725,Low blood cell count,0.196,725,Low white blood cells,0.1287,725,Reduced white blood cell count,0.1519,725,Low white blood cell count,0.2302,725,Low white blood cell content,0.107,725,Low blood cell counts,0.196,725,Low white blood cell count,0.2302,725,Low white blood cell count,0.2302,725,The number of white blooded chickens is low,0.002,725,Low white blood cell count,0.2302
726,Hubble telescope repairs,0.5128,726,The Hubble Telescope is repairing,0.5128,726,Repair of the Hubble Telescope,0.5128,726,Repairs to the Hubble Telescope,0.5128,726,Repair of the Hubble Telescope,0.5128,726,Repairs of the Hubble Telescope,0.5128,726,Repairs of the Hubble Telescope,0.5128,726,Repair of the Hubble telescope,0.5128,726,Repair of the Hubble telescope,0.5128,726,Hubble telescope repair,0.5128,726,Repairing the Hubble telescope,0.5128
727,Church arson,0.447,727,Burn the church,0.336,727,The Church burned down,0.2377,727,Burn the church,0.336,727,The church fire,0.2565,727,church fire,0.2565,727,Church fire,0.2565,727,Fire in the church,0.2565,727,Burning the church,0.336,727,The Church Burning,0.336,727,Lighting a fire in a church,0.1312
728,whales save endangered,0.4756,728,Fish  except for endangered fish,0.0,728,Except for the endangered whale,0.4147,728,The whales are endangered,0.4763,728,Whales except for the endangered whales,0.4361,728,whales except threatened species,0.1758,728,Whales other than endangered,0.4334,728,whales  except those in danger of extinction,0.14,728,Except for the endangered whale,0.4147,728,Except for endangered animals,0.0004,728,except for the endangered whales,0.4147
729,Whistle blower department of defense,0.0026,729,Alert  Defense Department,0.0,729,The Department of Defense is whistling,0.0091,729,Department of Defense,0.0,729,Ministry of Defence,0.0,729,Department of Defence,0.0,729,Ministry of Defence,0.0,729,Murder in Response,0.0,729,Notice of the Department of Defense caller,0.0,729,Ministry of Defence,0.0,729,Whistle blower defense department,0.0026
730,Gastric bypass complications,0.4788,730,complications of the gastrointestinal tract,0.0029,730,Uterine complications,0.0,730,The complexities of the metal planning,0.0,730,The effects of stomach ulcers,0.0001,730,Complications of gastric bypass,0.4788,730,Complications of stomach uptake,0.0143,730,Conditions of bypass of the stomach,0.1214,730,Compliance with abdominal bypass,0.0094,730,The infection of the stomach,0.0002,730,Problems with gastric surgery,0.3499
731,Kurds history,0.2019,731,Kurdish history,0.1904,731,The history of the Kurds,0.2019,731,The history of the Kurds,0.2019,731,He s made the dates,0.0,731,The history of the Kurds,0.2019,731,Kurdish history,0.1904,731,The history of the Kurds,0.2019,731,Kurdish history,0.1904,731,The history of the Kurds,0.2019,731,The History of the Kurds,0.2019
732,U.S. cheese production,0.209,732,American cheese is made,0.0626,732,The production of cheese in the United States,0.1316,732,Cheese production in the United States,0.1316,732,U S  cheese production,0.1218,732,Cheese production in the United States,0.1316,732,US cheese production,0.214,732,Cheese production in the USA,0.1345,732,U S  manufacture of cheese,0.0632,732,The production of peanut in the United States,0.0001,732,Cheese production in the United States,0.1316
733,Airline overbooking,0.3181,733,Airlines have overbooked,0.3378,733,Flight overbooking,0.2937,733,Too many airlines,0.0016,733,Overbooking airlines,0.3181,733,Overbooking of airlines,0.3181,733,Overbooking of airlines,0.3181,733,Transfer of airlines,0.0041,733,Flight ticket location,0.0339,733,Reservations on air travel,0.0104,733,Passing the space of an airplane,0.0
734,Recycling successes,0.2444,734,Recycling successfully,0.0159,734,Successful Recycling,0.2444,734,Recycling successes,0.2444,734,Recycling successes,0.2444,734,Successful recycling,0.2444,734,Recycling sequence,0.0096,734,Successful in processing,0.0,734,Successful Repeat,0.0,734,Recycling Successes,0.2444,734,Successful care,0.0
735,Afghan women condition,0.2162,735,The situation of Afghan women,0.2046,735,The state of women in Afghanistan,0.1435,735,The situation of Afghan women,0.2046,735,The situation of Afghan women,0.2046,735,The situation of Afghan women,0.2046,735,Afghan women,0.1906,735,The condition of Afghan women,0.2162,735,The condition of Afghan women,0.2162,735,The situation of Afghan women,0.2046,735,The situation of Afghan women,0.2046
736,location BSE infections,0.6107,736,Location of BSE infection,0.6107,736,Location of BSE infection,0.6107,736,BSE,0.4567,736,BSE infections,0.6017,736,location of infections at the ESB,0.0,736,Infections caused by BSE,0.5595,736,location of the BSE infection,0.6107,736,location of BSE infection,0.6107,736,BSE infections,0.6017,736,BSE infections,0.6017
737,Enron California energy crisis,0.5639,737,The energy crisis in California,0.0486,737,The California energy crisis,0.0486,737,The energy crisis in California,0.0486,737,The California Energy Crisis,0.0486,737,Energy crisis in California,0.0486,737,Enron California energy crisis,0.5639,737,The energy crisis in California,0.0486,737,The California Enron energy crisis,0.5639,737,The California energy crisis,0.0486,737,Energy Crisis in Enron California,0.5639
738,Anthrax hoaxes,0.4628,738,The fraud of the carbon virus,0.0,738,The Antractic Trick,0.0,738,Tricks about the Andrax,0.0,738,The tricks of the Anterx,0.0,738,The lies against anthrax,0.0106,738,Counterfeit anthrax,0.0007,738,The anthrax deception,0.0001,738,The anthrax scam,0.0006,738,The lies of the Atharaks,0.0,738,The Tricks of Anthrax,0.0004
739,Habitat for Humanity,0.1352,739,The human habitat,0.1352,739,The Habitat for Mankind,0.0,739,The home of mankind,0.0,739,A habitat for humans,0.1352,739,A Home for Mankind,0.0,739,Habitat for humanity,0.1352,739,A haven for mankind,0.0,739,Habitat for the Human,0.1352,739,The Bible says that  the earth is the home of the living God,0.0,739,The Place of Human Dwelling,0.0
740,regulate assisted living Maryland,0.2306,740,Managing a living in Maryland,0.0931,740,A life supported in Maryland,0.0003,740,Assisted living systems in Maryland,0.2223,740,Helped life in Maryland,0.0001,740,regulating assisted living in Maryland,0.2306,740,Regulate the life of the welfare state of Maryland,0.0006,740,regulate the assistance in Maryland residency,0.1339,740,Organizing life in Maryland,0.0004,740,The family has been in the family for a long time,0.0,740,leading a life of supporting Maryland,0.0001
741,Artificial Intelligence,0.0925,741,AI is the answer,0.0005,741,AI,0.0002,741,Artificial intelligence,0.0925,741,The AI,0.0002,741,Artificial intelligence,0.0925,741,Artificial intelligence,0.0925,741,Artificial intelligence,0.0925,741,Artificial intelligence,0.0925,741,Artificial intelligence,0.0925,741,False intelligence,0.0005
742,hedge funds fraud protection,0.3668,742,Secured funds fraud protection,0.0144,742,Hedge fund fraud protection,0.3668,742,Securities fraud protection,0.0,742,Protecting against hedge fund fraud,0.4201,742,protection against hedge fund fraud,0.4201,742,Protection against hedge fund fraud,0.4201,742,protection against hedge funds,0.2607,742,protection against hedge fund fraud,0.4201,742,hedging financial fraud protection,0.0769,742,protection against hedge funds fraud,0.4201
743,Freighter ship registration,0.0344,743,The cargo ship is registered,0.0254,743,Registering the freight ship,0.0038,743,Record of shipping,0.0006,743,Register of cargo ships,0.0254,743,Register of freight vessels,0.0374,743,Registration of freight vehicles,0.0,743,Registration of cargo vessels,0.0083,743,Registering of cargo vessels,0.0047,743,Freight shipping registration,0.0032,743,Register of freight ships,0.0038
744,Counterfeit ID punishments,0.0112,744,The punishment for fake ID,0.0055,744,The punishment for false identity,0.0022,744,The penalties for a fake identity,0.0168,744,False identity punishments,0.0022,744,Sanctions against counterfeiting,0.0018,744,Penalties for counterfeit identification,0.0161,744,Penalties for counterfeiting identity card,0.0418,744,False ID punishment,0.0001,744,Punishment for False Identifiers,0.0001,744,False identity judgments,0.0029
745,Doomsday cults,0.5006,745,The cult of the last days,0.0361,745,The Day of Judgment is New,0.0,745,The Day of Judgment cult,0.0467,745,The Faith of the Last Day,0.0,745,The Worship of the Last Judgment Day,0.0002,745,The Meaning of the Hereafter,0.0,745,The Day of Judgment,0.0,745,Religions of the Last Days,0.0009,745,The final day of worship,0.0001,745,Religions of the Last Days,0.0009
746,Outsource job India,0.4051,746,Working abroad in India,0.0275,746,Outsourcing jobs in India,0.4051,746,A job outside India,0.0258,746,Indian foreign jobs,0.0081,746,Employment outside India,0.0011,746,Exploitation of labour in India,0.0018,746,Work in India,0.0288,746,Employment outside India,0.0011,746,Outsourced jobs India,0.4051,746,Foreign work in India,0.0273
747,Library computer oversight,0.0905,747,Library computer control,0.0252,747,Computer library management,0.0333,747,Supervise the computer library,0.0172,747,Monitoring the library computer,0.0716,747,Monitoring of the library computer,0.0716,747,Computer monitoring of libraries,0.0716,747,Computer control of the library,0.0252,747,Computer monitoring of the library,0.0716,747,Library computer oversight,0.0905,747,The management of library computers,0.0333
748,Nuclear reactor types,0.1736,748,The type of nuclear reaction,0.0055,748,Type of nuclear reactor,0.1736,748,Types of nuclear reactors,0.1736,748,Types of nuclear reactors,0.1736,748,Types of nuclear reactors,0.1736,748,Types of nuclear reactors,0.1736,748,Types of nuclear reactors,0.1736,748,Type of nuclear reactor,0.1736,748,Types of nuclear power plants,0.0133,748,Types of water,0.0
749,Puerto Rico state,0.2068,749,Puerto Rico is a state,0.2068,749,Puerto Rico,0.1398,749,The State of Puerto Rico,0.2068,749,The State of Puerto Rico,0.2068,749,State of Puerto Rico,0.2068,749,State of Puerto Rico,0.2068,749,the state of Puerto Rico,0.2068,749,The State of Puerto Rico,0.2068,749,Puerto Rico State,0.2068,749,The State of Puerto Rico,0.2068
750,John Edwards womens issues,0.0342,750,The women s issue of John Edwards,0.02,750,John Edwards  the women s issue,0.02,750,John Edwards women  s issues,0.02,750,The women of John Edwards,0.0195,750,Questions for Women,0.0,750,The Commission has also adopted a number of proposals,0.0,750,The Women s Problems of John Edwards,0.0191,750,John Edwards women s issues,0.02,750,John Edwards women s issues,0.02,750,John Edwards s Matters of Women,0.0068
751,Scrabble Players,0.3715,751,Players,0.0,751,Scrabble player,0.3715,751,The scrabble players,0.3715,751,The Scribell players,0.0,751,Scrabble games,0.2641,751,Scrabblers,0.0,751,Scrabble players,0.3715,751,Scrabble player,0.3715,751,The Scrapley Players,0.0,751,Scrabble players,0.3715
752,Dam removal,0.5107,752,It was demolished,0.0001,752,Remove the drain,0.0017,752,Remove the dam,0.5107,752,Remove the dam,0.5107,752,Removal of the dam,0.5107,752,Distance of the dam,0.0017,752,Removing the dam,0.5107,752,Removal of the dam,0.5107,752,Removal of dam,0.5107,752,Removing the pool,0.0005
753,bullying prevention programs,0.3263,753,The bullying prevention program,0.3263,753,The bullying prevention program,0.3263,753,Prevention of bullying,0.2747,753,The program is designed to prevent harassment,0.0124,753,the prevention of bullying programmes,0.1728,753,The Commission has also adopted a number of proposals for the implementation of the programme,0.0,753,The program on bullying prevention,0.3263,753,bullying prevention program,0.3263,753,Prevention of harassment,0.0015,753,measures to prevent oppression,0.0007
754,domestic adoption laws,0.0812,754,The National Farm Law,0.0,754,Adoption laws in the country,0.0131,754,Local adoption laws,0.0022,754,The rules of adoption,0.0002,754,national legislation on adoption,0.0046,754,Adoption laws,0.0444,754,national laws on adoption,0.0364,754,domestic adoption law,0.0812,754,The laws of domestic adoption,0.0812,754,domestic adoption laws,0.0812
755,Scottish Highland Games,0.4832,755,Scottish Highland Movement,0.17,755,The Scottish Highland Games,0.4832,755,The Scottish Highland Games,0.4832,755,The Scottish Highland Games,0.4832,755,The Scottish Highlands Games,0.4832,755,Scottish Highland Games,0.4832,755,Scottish skiing games,0.1513,755,Highland Scotland game,0.114,755,The Scottish Highlands Games,0.4832,755,The Scottish Highland Games,0.4832
756,Volcanic Activity,0.3124,756,Volcanic activity,0.3124,756,Volcanic activity,0.3124,756,Volcanic activity,0.3124,756,Volcanic activity,0.3124,756,Volcanic activity,0.3124,756,Volcanic activity,0.3124,756,Volcanic activity,0.3124,756,Volcanic activity,0.3124,756,Volcanic activity,0.3124,756,The Activity of the Volcano,0.2244
757,Murals,0.2122,757,Wall paintings,0.0016,757,The wallpaper,0.0,757,The murals,0.2122,757,Wall paintings,0.0016,757,Wall paintings,0.0016,757,Wall paintings,0.0016,757,The walls,0.0,757,Wall painting,0.0016,757,Wall paintings,0.0016,757,The display of the wall,0.0
758,Embryonic stem cells,0.6639,758,embryonic stem cells,0.6639,758,The embryonic stem cell,0.6639,758,The embryonic stem cells,0.6639,758,The embryonic stem cells,0.6639,758,The embryonic stem cells,0.6639,758,The following table shows the results of the study,0.0,758,The embryonic stem cells,0.6639,758,The embryonic stem cells,0.6639,758,The brain cells of the fetus,0.0127,758,The embryo cells,0.1926
759,civil war battle reenactments,0.2141,759,The Civil War is happening again,0.0016,759,A reenactment of the Civil War,0.1256,759,The Civil War battles,0.0075,759,Civil War actors,0.0008,759,recreation of civil war battles,0.0149,759,Repeats of civil wars,0.0027,759,Reproduction of civil war,0.0011,759,Civil war fighting,0.0004,759,The Civil War was a turbulent period,0.0004,759,Exhibition of civil war,0.0
760,american muslim mosques schools,0.3034,760,Muslim mosque school in the United States,0.1977,760,Islamic social school in the United States,0.0257,760,American mosques and schools,0.2426,760,Muslim mosques in America and schools,0.3462,760,Muslim mosques in the US schools,0.1298,760,American Muslim mosques schools,0.3034,760,American Muslim mosques of the school,0.3034,760,mosque muslim american school,0.3034,760,American Muslim mosques schools,0.3034,760,American mosque of Islamic school,0.3039
761,Problems of Hmong Immigrants,0.4918,761,The issue of migration,0.0,761,The Hmong immigrants are a problem,0.4918,761,The problems of the Mong migrants,0.0046,761,The problems of the migrants,0.0001,761,Problems faced by Hmong immigrants,0.3921,761,The problems of Hmong immigrants,0.4918,761,The problems of immigrants,0.0012,761,Hmong immigrant problems,0.4918,761,The problems of the Hmong immigrants,0.4918,761,The Problems of Hmong Migrants,0.1263
762,History of Physicians in America,0.0138,762,The history of doctors in the United States,0.0004,762,The History of Doctors in the United States,0.0004,762,The history of doctors in America,0.0004,762,The history of doctors in the United States,0.0004,762,The history of the medical profession in America,0.0037,762,The History of Doctors in America,0.0004,762,The history of doctors in America,0.0004,762,The History of the Doctor in America,0.0004,762,The history of doctors in the United States,0.0004,762,The History of Doctors in the United States,0.0004
763,Hunting deaths,0.1187,763,The hunt is dead,0.0092,763,Deaths from Hunting,0.0903,763,Deaths from hunting,0.0903,763,The hunt for death,0.1187,763,The Deaths Caused by Hunting,0.0071,763,The number of deaths in hunting,0.0137,763,Death from hunting,0.0903,763,The death of the hunter,0.0869,763,Hunting deaths,0.1187,763,The Death of Hunters,0.0869
764,Increase mass transit use,0.1695,764,Increased use of public transportation,0.0116,764,Increase the use of public transportation,0.0116,764,Increased use of public transport,0.0116,764,Increased use of public transport,0.0116,764,Increased use of public transport,0.0116,764,The Commission has also adopted a number of proposals for a new directive,0.0,764,Increasing the use of mass transport,0.0338,764,Increased use of mass transport,0.0338,764,Increasing the use of public transport,0.0116,764,Increasing the use of mass transportation,0.0338
765,ephedra ma huang deaths,0.473,765,The death of Ephedra Ma Juan,0.6071,765,The death of Ephdru Ma Huang,0.1427,765,The death of Efedra Ma Huang,0.0876,765,The death of our father  Huang,0.0075,765,The death of Ephedra Ma Huang,0.473,765,The Commission has also adopted a number of measures to combat the use of the drug,0.0,765,The Death of Ma Huang,0.1427,765,death of ephedra ma huang,0.473,765,Ephedra Ma Huang died,0.3339,765,Ephedra ma huang death,0.473
766,diamond smuggling,0.5187,766,Diamond smuggling,0.5187,766,The diamond smuggler,0.0491,766,The diamond smuggling,0.5187,766,The diamond smuggling,0.5187,766,smuggling of diamonds,0.5187,766,Smuggling of diamonds,0.5187,766,The smuggling of diamonds,0.5187,766,The diamond trade,0.3893,766,smuggling of diamonds,0.5187,766,The sale of diamonds,0.1248
767,Pharmacist License requirements,0.4704,767,A pharmacist s license is required,0.3975,767,Licensing requirements,0.0003,767,The requirements for a pharmacy license,0.2936,767,Pharmaceutical license requirements,0.0696,767,Requirements for a pharmacist s licence,0.04,767,Requirements for the licence of a pharmacist,0.0722,767,Requirements for pharmacist  s license,0.3975,767,Licensing requirements for pharmaceuticals,0.0696,767,License of pharmacist,0.407,767,License requirements for pharmacists,0.4704
768,Women in state legislatures,0.1254,768,Women in the state legislature,0.1254,768,Women in the House of Representatives,0.035,768,Women in the provinces,0.0,768,Women in the state legislature,0.1254,768,Women in state legislation,0.0231,768,Women in the national legislation,0.0175,768,Women in the legislative bodies of the States,0.0091,768,Women in state law,0.0022,768,Women in state assemblies,0.0142,768,Women in the state parliament,0.0
769,Kroll Associates Employees,0.0124,769,Crow s employees,0.0,769,Crowl Co op staff,0.0,769,The employees of Kroll,0.0024,769,Crowded staff,0.0,769,Employees of Kroll Associates,0.0124,769,Employees of Kroll Associates,0.0124,769,Employees of Kroll Associates,0.0124,769,Employee of Kroll Associates,0.0124,769,Employees of Kroll Associates,0.0124,769,The employees of Kroll Associates,0.0124
770,Kyrgyzstan-United States relations,0.3492,770,Kyrgyzstan s relations with the United States,0.2931,770,Kyrgyzstan and the United States,0.3248,770,Kyrgyzstan U S  relations,0.0943,770,Relations between Kyrgyzstan and the United States,0.3546,770,Relations between Kyrgyzstan and the United States,0.3546,770,Relations between Kyrgyzstan and the United States,0.3546,770,Relations between Kyrgyzstan and the United States,0.3546,770,Kyrgyzstan U S  relations,0.0943,770,Kyrgyz U S  relations,0.0457,770,Relations between Kyrgyzstan and the United States,0.3546
771,deformed leopard frogs,0.502,771,It s deformed,0.0015,771,A modified tiger frog,0.0016,771,The turning tiger frogs,0.0019,771,Leopard frogs are creased,0.1538,771,Deformed leopard frogs,0.502,771,Deformed leopard frogs,0.502,771,deformed frogs of the leopard,0.502,771,A defective lion cub,0.0,771,Red eagles,0.0,771,butterfly,0.0
772,flag display rules,0.3723,772,The logo shows the rules,0.0,772,Flag sign rules,0.0304,772,The rules of flagging,0.1028,772,The flag display rules,0.3723,772,rules for displaying the flag,0.3723,772,Flag display rules,0.3723,772,The flag display rules,0.3723,772,the rules of appearance of the flag,0.0592,772,Flag display rules,0.3723,772,rules for flags,0.1028
773,Pennsylvania slot machine gambling,0.5488,773,The Pennsylvania bookmaker,0.268,773,Pennsylvania slot machine gambling,0.5488,773,Pennsylvania machine games,0.2436,773,Playing in the Pennsylvania slot machine,0.462,773,Pennsylvania slot machines,0.3592,773,Pennsylvania slot machines gambling,0.5488,773,Gambling at the Pennsylvania machines,0.8534,773,Pennsylvania slot machine gambling,0.5488,773,Pennsylvania slot machine gambling,0.5488,773,Pennsylvania game machine,0.2436
774,Causes of Homelessness,0.3052,774,Why they re homeless,0.0158,774,Why I Have No Home,0.0,774,The causes of homelessness,0.3052,774,The cause of homelessness,0.3052,774,The Causes of Poverty,0.0005,774,Causes of homelessness,0.3052,774,The Causes of Homelessness,0.3052,774,Causes of Housing Emptiness,0.0001,774,homeless,0.136,774,Reasons for Homelessness,0.1509
775,Commercial candy makers,0.3719,775,Commercial candy manufacturers,0.1169,775,Commercial candy manufacturers,0.1169,775,The commercial confectioners,0.1545,775,Commercial sweets manufacturers,0.0444,775,Manufacturers of commercial sweets,0.0444,775,Manufacturers of commercial sweets,0.0444,775,Commercial candy manufacturers,0.1169,775,Commercial candy manufacturers,0.1169,775,Commercial sweets makers,0.1082,775,Commercial sugar producers,0.0001
776,Magnet schools success,0.223,776,The success of the magnet school,0.223,776,Success in your school,0.0007,776,The success of magnet schools,0.223,776,Successful Magnet Schools,0.223,776,The Success of Magnetic Schools,0.223,776,Success of magnet schools,0.223,776,The success of magnet schools,0.223,776,Success of magnet school,0.223,776,The success of magnetic schools,0.223,776,The success of magnetic schools,0.223
777,hybrid alternative fuel cars,0.3082,777,hybrid fuel cars,0.3172,777,Alternative fuel hybrid cars,0.3082,777,Alternate fuel cars,0.0878,777,Replacement fuel cars,0.0249,777,hybrid alternative fuel vehicles,0.1293,777,Hybrid cars with alternative fuels,0.3082,777,hybrid vehicles with alternative fuel,0.1293,777,hybrid alternative fuels,0.1258,777,Alternative fuel car,0.0878,777,vehicles with alternative fuels,0.0165
778,golden ratio,0.0998,778,The golden ratio,0.0998,778,Gold ratio,0.0007,778,The golden ratio,0.0998,778,Gold compared to gold,0.0,778,Gold ratio,0.0007,778,Gold ratio,0.0007,778,The golden ratio,0.0998,778,The golden ratio,0.0998,778,gold ratio,0.0007,778,The gold standard,0.0
779,Javelinas range and description,0.5034,779,Fish series and description,0.0,779,The range and description of Jabellana,0.0,779,The group and description of Javelinas,0.3196,779,The range and description of Javnas,0.0,779,Region and description of the javelins,0.0,779,Selection and description of Javelinas,0.341,779,The range and description of the owl,0.0001,779,Range and description of Javelinas,0.5034,779,The description and classification of Javelina,0.3302,779,Types and descriptions of javelinas,0.3138
780,Arable land,0.3529,780,The land,0.0005,780,Farming land,0.0003,780,The cultivated land,0.0004,780,The slaughterhouses,0.0,780,Agricultural land,0.0005,780,Agricultural land,0.0005,780,Soil,0.0,780,Farmland,0.0,780,land,0.0005,780,The Harvest,0.0
781,Squirrel control and protections,0.4286,781,Control and protection,0.0,781,Sky control and protection,0.0,781,Counter squirrel and protective herring,0.1095,781,Control and protection of squirrels,0.4286,781,Control and protection of squirrels,0.4286,781,Control and protection of squirrels,0.4286,781,Proteins control and protection,0.0,781,Squirrel control and protection,0.4286,781,Ant control and protection,0.0008,781,Control and protection of animals,0.0007
782,Orange varieties seasons,0.6889,782,Color  season,0.0799,782,Orange season,0.4163,782,The orange of the season,0.4163,782,Seasons of orange species,0.053,782,Seasons of Orange Varieties,0.6889,782,The Times of Oranges,0.0013,782,Orange varieties of the season,0.6889,782,Seasons of the orange type,0.4846,782,Orange varieties seasons,0.6889,782,Varieties of summer oranges,0.2631
783,school mercury poisoning,0.1768,783,School poisoning,0.0029,783,School hydrogen dependency,0.0,783,Mercury poisoning at school,0.1768,783,Jewellery poisoning at school,0.0013,783,Mercury intoxication at school,0.1282,783,School mercury poisoning,0.1768,783,school mercury poisoning,0.1768,783,Mercury poisoning in schools,0.1768,783,Mercury poisoning in schools,0.1768,783,the poison of school inspiration,0.0001
784,mersenne primes,0.4507,784,Mason number,0.0,784,The first of the Mercenaries,0.0,784,The first number,0.0,784,The first Mersenne numbers,0.3443,784,the prime numbers of mercenary,0.0005,784,their primary values,0.0,784,the first number,0.0,784,number of mersenne primes,0.4521,784,Merson s first,0.0,784,mersenne primes,0.4507
785,Ivory-billed woodpecker,0.4231,785,Ivory wood,0.0367,785,The tree of the whale,0.0001,785,The wood bird from the ivory tree,0.1838,785,Wood wheat with ivory wheat,0.0001,785,The species of ivory ball woodpeckers,0.5637,785,Instruments for the manufacture of electrical equipment,0.0,785,The skin blade wooden peak,0.0,785,Wood cutter with ivory,0.0088,785,Cotton wool,0.0,785,Yellow horned river sand,0.0012
786,Yew trees,0.425,786,The trees,0.0003,786,Vegetable tree,0.0019,786,Trees to him,0.0,786,The oak trees,0.0001,786,The Vine Trees,0.0016,786,The disciples,0.0,786,The trees,0.0003,786,Purple trees,0.0002,786,The tree,0.0003,786,Trees of plants,0.0003
787,Sunflower Cultivation,0.5755,787,Planting flowers,0.0005,787,Solar power plant,0.0,787,Planting sunflowers,0.2363,787,He planted sunflowers,0.1968,787,The cultivation of sunflower,0.5755,787,Plants of sunflowers,0.2363,787,The sunflower,0.3437,787,Cultivation of sunflowers,0.5755,787,The cultivation of sunflower,0.5755,787,Planting a Sunflower,0.2363
788,Reverse mortgages,0.5221,788,Reverse mortgages,0.5221,788,I m not gonna reflect,0.0,788,The reverse mortgage,0.5221,788,Reverse mortgages,0.5221,788,Reverse mortgage loans,0.4153,788,Other loans,0.0,788,Mortgage loans,0.0178,788,Reverse mortgage loans,0.4153,788,Repayment of mortgages,0.0411,788,Loans to repay,0.0
789,abandoned mine reclamation,0.2213,789,Disposed mines re opened,0.0017,789,Abandoned mining,0.1192,789,The abandoned re embellishment,0.0,789,Mining recycling is abandoned,0.0701,789,abandoned mining,0.1192,789,Abandoned minefields,0.0,789,abandoned mines,0.1192,789,Restoration of the abandoned mine,0.1064,789,The recovery of abandoned mines,0.0785,789,The construction of lost bombs,0.0
790,women's rights in Saudi Arabia,0.5206,790,The rights of women in Saudi Arabia,0.5206,790,Women s rights in Saudi Arabia,0.4883,790,Women s rights in Saudi Arabia,0.4883,790,Women s rights in Saudi Arabia,0.4883,790,Women s rights in Saudi Arabia,0.4883,790,Women s rights in Saudi Arabia,0.4883,790,women s rights in Saudi Arabia,0.4883,790,Women s rights in Saudi Arabia,0.4883,790,Women s rights in Saudi Arabia,0.4883,790,Women s rights in Saudi Arabia,0.4883
791,Gullah geechee language culture,0.4643,791,The culture of the Gilli language,0.0,791,The culture of the Guarani language,0.0,791,The culture of the language of the Ghoul,0.0,791,The culture of the Gucci language,0.0,791,The culture of the Gula Gechee language,0.0,791,Gullahi Geechee language culture,0.1803,791,The culture of the Gulla Geychi language,0.0147,791,The culture of the Gullah language geechee,0.4643,791,The culture of the Kula Chichi language,0.0,791,The culture of the Gulah geechee language,0.1788
792,Social Security means test,0.103,792,The way we provide social security,0.0123,792,Social Security exam,0.0001,792,Social security means a test,0.103,792,Social insurance is a test,0.0077,792,Social security means testing,0.103,792,Social security means testing,0.103,792,Social security   a test,0.1243,792,Social security means testing,0.103,792,Social security testing,0.1243,792,Social Security means the test,0.103
793,Bagpipe Bands,0.274,793,The wire,0.0,793,The backpack pipe band,0.0,793,The pipe tapes,0.0,793,Bags of bugs,0.0,793,Pipes and pipes,0.0,793,Other  of a kind used for the manufacture of goods of heading,0.0,793,The Tape,0.0,793,Band of bagpipes,0.274,793,Backpack bands,0.0,793,Loading equipment,0.0
794,pet therapy,0.0638,794,Pet therapy,0.0638,794,Treatment of pets,0.0008,794,Treatment of pets,0.0008,794,Treatment of pets,0.0008,794,therapy for pets,0.0638,794,Animal health,0.0006,794,therapy of domestic animals,0.0141,794,Pet therapy,0.0638,794,Pet therapy,0.0638,794,treatment of animals,0.0002
795,notable cocker spaniels,0.0223,795,Fish,0.0,795,A remarkable Coker Spaniel,0.0993,795,Cocker Spaniel,0.0238,795,Notable spaniels,0.0171,795,the remarkable cocker spaniels,0.0358,795,Notable Cocker Spaniels,0.0223,795,The most remarkable cock singer,0.0,795,The famous cocker Spaniel,0.0375,795,The notable Coker Spaniel,0.0079,795,The famous cocker spaniels,0.0375
796,Blue Grass Music Festival history,0.1649,796,The history of the Blue Grass Festival,0.1145,796,The history of the Blue Grass Music Festival,0.1649,796,The history of the Blue Grass Music Festival,0.1649,796,The history of the Blue Grass Music Festival,0.1649,796,The history of the Blue Grass Music Festival,0.1649,796,History of the Blue Grass music festival,0.1649,796,The history of the Blue Grass music festival,0.1649,796,The history of the Blue Grass Music Festival,0.1649,796,The history of the Blue Cross Music Festival,0.1369,796,The history of the Blue Grass Music Festival,0.1649
797,reintroduction of gray wolves,0.6259,797,Grey wolves are reintroduced,0.3336,797,The red eyed grey wolf,0.0172,797,The reintroduction of the gray wolves,0.6259,797,The gray wolf,0.2608,797,reintroduction of grey wolves,0.3672,797,Restoration of gray wolves,0.4332,797,Restarting the use of gray wolves,0.3908,797,re identification of the grey wolf,0.006,797,The Red Wolf Resettlement,0.0154,797,reintroduction of the black wolf,0.2707
798,Massachusetts textile mills,0.1714,798,Massachusetts  the Massachusetts textile mill,0.1745,798,Massachusetts textile factory,0.152,798,The textile mills in Massachusetts,0.1714,798,The Massachusetts textile mills,0.1714,798,Textile manufacturing in Massachusetts,0.0027,798,Textile factories in Massachusetts,0.152,798,Textile factories of Massachusetts,0.152,798,Massachusetts textile mills,0.1714,798,Massachusetts textile mills,0.1714,798,Textile industry of Massachusetts,0.043
799,Animals in Alzheimer's research,0.185,799,Animals in the Alzheimer s study,0.2018,799,The animals in the Alzheimer s study,0.2018,799,Animals in Alzheimer s research,0.1515,799,In animal research on Alzheimer s,0.1515,799,Animal research on Alzheimer s,0.1515,799,Animals in Alzheimer s research,0.1515,799,Animals in Alzheimer s research,0.1515,799,Animals in Alzheimer s research,0.1515,799,The animals in Alzheimer s disease research are the most important,0.1988,799,Animals in Alzheimer s research,0.1515
800,Ovarian Cancer Treatment,0.1997,800,Ovarian cancer treatment,0.1997,800,Treatment of ovarian cancer,0.1997,800,Treatment for ovarian cancer,0.1997,800,Treatment for ovarian cancer,0.1997,800,Treatment of ovarian cancer,0.1997,800,Treatment of ovarian cancer,0.1997,800,Treatment of ovarian cancer,0.1997,800,Treatment for Ovarian Cancer,0.1997,800,The treatment of cervical cancer,0.0045,800,Treatment of Eye Cancer,0.0007
801,Kudzu Pueraria lobata,0.4422,801,The garden of Kunsan  the faucet,0.0,801,The Kuz Poeria Robata is coming,0.0,801,I  m not going to lie,0.0,801,The first is the  Codez Porcaria Lobata,0.0441,801,The child s elbow,0.0,801,Other  of a kind used for the manufacture of foodstuffs,0.0,801,The Kudo Poeraria of the Lobot,0.0,801,Kudzu Pueraria the lobotome,0.5346,801,The Kutsu Puewari Lopada,0.0,801,The Pueraria lobata,0.2475
802,Volcano eruptions global temperature,0.3471,802,The volcano erupted  and global warming began,0.1265,802,Volcanic eruptions  global warming,0.4749,802,Volcanic eruptions   Global warming,0.4749,802,The eruption of a global warming volcano,0.3409,802,Volcanic eruptions and global warming,0.4749,802,Volcanic eruptions global temperature,0.4665,802,Volcanic eruptions global temperature,0.4665,802,Global temperature volcanic eruption,0.4665,802,Volcanic eruptions global warming,0.4749,802,Volcanic violence global warming,0.2603
803,May Day,0.0,803,One of May,0.0,803,May  st,0.0,803,May  st,0.0,803,A little bit,0.0,803,May,0.0,803,May,0.0,803,May  st,0.0,803,First day of May,0.0,803,May,0.0,803,The First Day of May,0.0
804,ban on human cloning,0.5122,804,Human cloning is prohibited,0.5534,804,Prohibition of human reproduction,0.3811,804,The ban on human replication,0.1542,804,Prohibition of human cloning,0.5534,804,prohibition on cloning humans,0.5534,804,Prohibition of cloning of humans,0.5534,804,The ban on cloning,0.5025,804,Prohibition of human cloning,0.5534,804,The ban on human cloning,0.5122,804,Prohibition of human design,0.097
805,Identity Theft Passport,0.041,805,I D  is a passport,0.0,805,A passport to steal an ID,0.016,805,A passport for identity theft,0.041,805,Identity theft pass,0.0082,805,Passport for identity theft,0.041,805,Pass for identity theft,0.0082,805,Passport of identity theft,0.041,805,Passport for identity theft,0.041,805,Identity theft passport,0.041,805,A Passport for Identity Theft,0.041
806,Doctors Without Borders,0.0663,806,Doctors without borders,0.0663,806,Doctors without borders,0.0663,806,Doctors without borders,0.0663,806,Doctors without borders,0.0663,806,Doctors without Borders,0.0663,806,Doctors without Borders,0.0663,806,Doctors without borders,0.0663,806,Doctor Without Borders,0.0663,806,Doctors without Borders,0.0663,806,Doctors Without Borders,0.0663
807,Sugar tariff-rate quotas,0.5685,807,The sugar tax rate is set,0.1238,807,Sugar tariffs,0.4826,807,Sugar tariffs,0.4826,807,Low sugar tariffs,0.5106,807,Tariff quotas for sugar,0.5819,807,Tariff quotas for sugar,0.5819,807,Quotas on sugar tariff rates,0.5685,807,Sugar tariff boxes,0.4108,807,Tax quotas for sugar,0.5759,807,Sugar tax rates,0.1383
808,North Korean Counterfeiting,0.6491,808,North Korea is fake,0.0535,808,The North Korean counterfeit,0.6491,808,North Korean counterfeiting,0.6491,808,North Korean fraud,0.075,808,Counterfeiting in North Korea,0.6668,808,North Korean counterfeiting,0.6491,808,North Korea is a fake,0.0535,808,North Korea Abuse,0.031,808,The North Korean counterfeit,0.6491,808,North Korean Fraud,0.075
809,wetlands wastewater treatment,0.3132,809,Wetland wastewater treatment,0.3132,809,The wetland drainage,0.0032,809,Treating the water in the swamp,0.0017,809,Wastewater treatment in wetlands,0.3132,809,treatment of wetland wastewater,0.3132,809,Wastewater treatment of wetlands,0.3132,809,Cleaning of wastewater in wetlands,0.1006,809,Wastewater treatment in wetlands,0.3132,809,Wetland wastewater treatment,0.3132,809,rainwater treatment,0.0
810,timeshare resales,0.3129,810,Share the time of the sale,0.0,810,Shared time reselling,0.0,810,Re selling the stake in time,0.0,810,The resale of time stock,0.0,810,Sales distributed,0.0,810,The Commission shall take into account the following information,0.0,810,hourly share resale,0.0,810,Selling time back together,0.0,810,Time sharing reselling,0.0,810,time sales,0.0
811,handwriting recognition,0.2808,811,Handwritten identification,0.0207,811,Signature,0.0,811,Identifying the handwriting,0.019,811,Handwritten recognition,0.1787,811,recognition of writing,0.0057,811,Handwriting identification,0.0113,811,recognition of handwriting,0.2808,811,handwriting recognition,0.2808,811,Signature acknowledgment,0.0,811,Recognizing the Scriptures,0.0
812,total knee replacement surgery,0.5012,812,Full knee replacement surgery,0.4683,812,Full knee replacement surgery,0.4683,812,Full knee replacement surgery,0.4683,812,Knee replacement surgery,0.4609,812,total knee replacement surgery,0.5012,812,Total knee replacement operation,0.441,812,General operation for knee replacement,0.3921,812,Total knee replacement surgery,0.5012,812,A complete knee replacement,0.3184,812,knee surgery,0.2691
813,Atlantic Intracoastal Waterway,0.2986,813,The Pacific Ocean,0.0,813,I m on the Atlantic coast,0.0001,813,The Atlantic Waterway,0.1657,813,The waterway into the Atlantic coast,0.0946,813,The Atlantic Intracoastal Waterway,0.2986,813,Intracoastal waterway of the Atlantic,0.2986,813,Inland sea routes of the Atlantic,0.0009,813,Waterways in the Atlantic coast,0.0946,813,The coastal marine waterway,0.0048,813,The Atlantic Ocean s Inland Waterway,0.0645
814,Johnstown flood,0.6922,814,Johnstown flood,0.6922,814,The Johnstown Flood,0.6922,814,The Johnstown floods,0.6922,814,The flood of Johnstown,0.6922,814,Flood in Johnstown,0.6922,814,Johnstown Flood,0.6922,814,Flooding in Johnstown,0.6922,814,Flooding in Johnstown,0.6922,814,Johnstown Flood,0.6922,814,Floods in Johnstown,0.6922
815,Coast Guard rescues,0.1404,815,Coast Guard rescue,0.1404,815,Coast Guard rescue team,0.1132,815,The Coast Guard rescue,0.1404,815,The Coast Guard is rescuing,0.1404,815,Rescue by the Coast Guard,0.1404,815,Rescue of the Coast Guard,0.1404,815,Coast Guard rescuers,0.014,815,The Coast Guard Rescue,0.1404,815,Coast Guard rescue,0.1404,815,The Safety of the Coast Guard,0.0219
816,USAID assistance to Galapagos,0.7736,816,USAID is helping Galapagos,0.8637,816,USAID support for the Galapagos region,0.8143,816,Assistance provided by the U S  Agency for International Development to the Galapagos Islands,0.4119,816,USAID aid to the Galapagos,0.722,816,Aid from USAID in the Galapagos,0.7576,816,USAID support for the Galapagos,0.8356,816,USAID s assistance to the Galapagos,0.798,816,USAID aid to the Galapagos,0.722,816,USAID aid on the Galapagos,0.722,816,USAID assistance to the Galapagos,0.7736
817,sports stadium naming rights,0.2786,817,The naming rights of the stadium,0.2699,817,Sports stadium name card,0.1342,817,Sports fields naming rights,0.0074,817,Sports stadium naming rights,0.2786,817,Rights to name sports stadiums,0.2786,817,Sports stadium rights,0.2368,817,right to name the sports stadium,0.2786,817,right to name sports stadiums,0.2786,817,Naming rights of the stadium,0.2699,817,rights to the name of the stadium,0.2699
818,Chaco Culture National Park,0.2037,818,The Chako Culture National Park,0.0015,818,The Chako Cultural National Park,0.0015,818,The national park of culture of the Chaco,0.2037,818,The national park of culture of the Chaco,0.2037,818,The Chaco National Park,0.0909,818,The Chaco culture national park,0.2037,818,The Chaco National Park of Culture,0.2037,818,The Chaco Cultural Park,0.3247,818,Sago Cultural National Park,0.0012,818,The Chaco National Park,0.0909
819,1890 Census,0.5531,819,The      census,0.0047,819,The      census,0.0047,819,The      census,0.0047,819,The      census,0.0047,819,Census of,0.0047,819,Census of,0.0047,819,The      census,0.0047,819,The      census,0.0047,819,Census,0.0047,819,Population in,0.0008
820,imported fire ants,0.7563,820,Importing fire,0.0752,820,Imported fireworks,0.0,820,Imported fire ants,0.7563,820,Fire ants are in,0.6603,820,imported fire ants,0.7563,820,Import of fire ants,0.7563,820,imported fire ants,0.7563,820,imported fire ants,0.7563,820,Imported fire ants,0.7563,820,outdoor fireflies,0.0
821,Internet work-at-home scams,0.2364,821,The Internet is electric,0.0,821,You re cheating on the Internet,0.0004,821,Internet scams at work at home,0.2364,821,Internet scams at work,0.1529,821,The scams on the Internet,0.054,821,Internet Fraud at Work at Home,0.0504,821,Internet fraud at work,0.0142,821,Internet fraud at home,0.0287,821,The Internet is a home for online work,0.0017,821,Cheating on the Internet,0.0
822,Custer's Last Stand,0.0837,822,Castor s final position is,0.0,822,The last of the Cousters,0.0,822,Last stop for Custer,0.0329,822,The last stop of Custer,0.0329,822,Custer s last stand,0.0725,822,Custer s last stand,0.0725,822,Custer s last post,0.0205,822,Custer s last defense,0.1036,822,The final stage of Castro,0.0,822,Custer s Final Victory,0.0231
823,Continuing care retirement communities,0.2914,823,Continuing to care for the retirement community,0.2914,823,Continuous management retirement community,0.0592,823,Continuous retirement communities,0.0837,823,Continuing care retirement communities,0.2914,823,Continuing care pension communities,0.0067,823,Development pension communities,0.0,823,Communities of pensioners in constant care,0.0002,823,The community of retired people continues to care,0.2099,823,Continuous care pension communities,0.0067,823,Adult communities to thrive,0.0
824,Civil Air Patrol,0.3261,824,Civil air patrol,0.3261,824,Civil air patrol,0.3261,824,Civil air patrol,0.3261,824,Civil air patrol,0.3261,824,Civil air patrol,0.3261,824,Civil air patrol,0.3261,824,Civil air patrol,0.3261,824,Public air services,0.0001,824,Civil Air Force,0.0652,824,A Vehicle for Air Transport,0.0
825,National Guard Involvement in Iraq,0.0687,825,The Iraqi National Guard is involved,0.0211,825,The National Guard s involvement in Iraq,0.0563,825,National Guard involvement in Iraq,0.0687,825,National Army involvement in Iraq,0.0057,825,National Guard involvement in Iraq,0.0687,825,Participation of the National Guard in Iraq,0.0933,825,The National Guard s involvement in Iraq,0.0563,825,National Guard involvement in Iraq,0.0687,825,National Police participation in Iraq,0.0046,825,The National Guard in Iraq,0.0918
826,Florida Seminole Indians,0.2695,826,The Florida Seminole Indians,0.2695,826,The Florida Seminole Indian,0.2695,826,Seminole Indian in Florida,0.2695,826,The Seminole Indians of Florida,0.2695,826,Seminole Indians of Florida,0.2695,826,Florida Seminole Indians,0.2695,826,The Seminole Indians of Florida,0.2695,826,The Seminole Indians of Florida,0.2695,826,Florida Seminole Indians,0.2695,826,Seminole Indians of Florida,0.2695
827,Hidden Markov Modeling HMM,0.4363,827,The hidden Malkovic simulation of HMM,0.3272,827,HMM hidden markup modeling,0.4149,827,Markov is hiding a model hymn,0.0629,827,The secret model of the HMM Markov,0.4458,827,Hidden modeling of Markov HMM,0.4363,827,Hidden Markov modeling HMM,0.4363,827,The hidden model of Markov HMM,0.4363,827,HMM model of Markov hidden,0.4363,827,HMM with hidden Markov modeling,0.4363,827,Secret Markov Modeling HMM,0.4458
828,secret shoppers,0.2763,828,Secret shoppers,0.2763,828,Secret shoppers,0.2763,828,The secret shoppers,0.2763,828,The hidden buyers,0.0,828,secret buyers,0.0,828,Secret buyers,0.0,828,The secret buyers,0.0,828,Secret shoppers,0.2763,828,Secret buyers,0.0,828,secret shoppers,0.2763
829,Spanish Civil War support,0.0755,829,Spanish Civil War support,0.0755,829,Spanish Civil War Support,0.0755,829,Supporting the Spanish Civil War,0.0755,829,Support for the Spanish Civil War,0.0755,829,Support for the Spanish Civil War,0.0755,829,Support for the Spanish Civil War,0.0755,829,Supporting the Spanish Civil War,0.0755,829,Support for the Spanish Civil War,0.0755,829,The Spanish Civil War was a turning point in the history of the Spanish Civil War,0.0373,829,Aid for the Spanish Civil War,0.0537
830,model railroads,0.0254,830,The model of railroads,0.0254,830,Model railway,0.0043,830,Typical railways,0.0,830,Model railway,0.0043,830,railway model,0.0043,830,Model route,0.0,830,model of railways,0.0043,830,model railway,0.0043,830,Model railway,0.0043,830,model railways,0.0043
831,Dulles Airport security,0.5786,831,Dulles Airport is safe,0.0471,831,Dallas airport security,0.0249,831,Dalyes airport security,0.0378,831,Security at Dallas Airport,0.0249,831,Security at Dulles Airport,0.5786,831,Security at Dulles Airport,0.5786,831,The security of the Dallas airport,0.0249,831,Dulles Airport Security,0.5786,831,Airport security of Dulles,0.5786,831,Security at Dulles Airport,0.5786
832,labor union activity,0.1706,832,The trade union movement,0.0035,832,Trade union activities,0.0041,832,Trade union activity,0.0041,832,Trade unions,0.0016,832,trade union activity,0.0041,832,Trade union activity,0.0041,832,Trade union activities,0.0041,832,trade union activities,0.0041,832,Trade union activity,0.0041,832,trade union activities,0.0041
833,Iceland government,0.5123,833,The Icelandic government,0.5123,833,The Icelandic government,0.5123,833,The Icelandic government,0.5123,833,The Icelandic government,0.5123,833,The Icelandic Government,0.5123,833,Government of Iceland,0.5123,833,The Government of Iceland,0.5123,833,The Icelandic government,0.5123,833,The Icelandic government,0.5123,833,The Icelandic government,0.5123
834,Global positioning system earthquakes,0.3159,834,Global positioning system,0.005,834,Global location system earthquake,0.0728,834,Earthquakes in the global positioning system,0.3159,834,Earthquakes in the global positioning system,0.3159,834,Earthquake of the World Positioning System,0.0329,834,Earthquakes of the global positioning system,0.3159,834,Global positioning systems for earthquakes,0.3159,834,Global earthquake placement system,0.0844,834,The global positioning system earthquakes,0.3159,834,Earthquake of a system of local order,0.0145
835,Big Dig pork,0.0826,835,It s a big pig,0.0002,835,Big  digging pigs,0.0291,835,Big pork,0.0005,835,Big pork,0.0005,835,The Pork of the Dig,0.0006,835,Big pigs,0.0003,835,Big pigs,0.0003,835,Big pork,0.0005,835,Big digging meat,0.0514,835,The large pig,0.0
836,illegal immigrant wages,0.218,836,The wages of illegal immigrants,0.218,836,The wages of illegal immigrants,0.218,836,Illegal immigrant wages,0.218,836,The rights of illegal immigrants,0.0715,836,wages of illegal immigrants,0.218,836,Wages for illegal immigrants,0.218,836,wages of illegal immigrants,0.218,836,Illegal immigrant wages,0.218,836,The wages of illegal immigrants,0.218,836,wages of legal immigrants,0.0293
837,Eskimo History,0.0671,837,The Smithsonian,0.0,837,The history of the Eskimos,0.0671,837,The history of the Eskimos,0.0671,837,The history of the Eskimos,0.0671,837,The history of the Eskimos,0.0671,837,The history of the Eskimos,0.0671,837,The story is sketchy,0.0001,837,The history of the Eskimos,0.0671,837,The history of Eskimo,0.0671,837,The History of the Waeskim,0.0
838,urban suburban coyotes,0.2955,838,And the suburbs,0.0,838,Coyote outside the city,0.2221,838,Urban cows,0.0,838,Urban Quoits,0.0,838,urban coyotes,0.5162,838,Suburban coyotes,0.3136,838,urban coyotes,0.5162,838,Suburban coyotes,0.3136,838,Urban coyotes,0.5162,838,urban coyotes,0.5162
839,textile dyeing techniques,0.5587,839,Weaving technology,0.0013,839,Fiber dyeing,0.1779,839,Techniques for dyeing fabrics,0.2549,839,Textile dyeing techniques,0.5587,839,textile dyeing techniques,0.5587,839,Textile colouring processes,0.0167,839,textile painting techniques,0.0099,839,textile dyeing techniques,0.5587,839,Textile dyeing techniques,0.5587,839,techniques for dyeing clothes,0.0869
840,Geysers,0.1648,840,The cyclone,0.0,840,The basement,0.0,840,The Geysers,0.1648,840,The Geyser,0.1648,840,The geysers,0.1648,840,Other geysers,0.1604,840,Geysers,0.1648,840,Geysers,0.1648,840,Kaiser,0.0,840,Geysers,0.1648
841,camel North America,0.3307,841,North American camel,0.1692,841,The Camel North American,0.1692,841,North America,0.0,841,North America,0.0,841,North America,0.0,841,North America,0.0,841,Camel North America,0.3307,841,North American camel,0.1692,841,North America,0.0,841,camels in North America,0.3307
842,David McCullough,0.0978,842,David McCullough,0.0978,842,I m not going to lie,0.0001,842,I  m not going to lie,0.0001,842,I m going to see David McCullough,0.0757,842,David McCullough,0.0978,842,The Commission has also adopted a proposal for a regulation on the implementation of the common fisheries policy,0.0,842,David McCullough,0.0978,842,David McCullough is,0.0978,842,David McCullough,0.0978,842,David McCullough,0.0978
843,Pol Pot,0.3728,843,This is Paul Porter,0.0,843,Paul Port,0.0,843,Paul Booth,0.0,843,The money s gone,0.0,843,Pol Pot,0.3728,843,Pol Pot,0.3728,843,Paul Pot,0.0011,843,Pol Pot,0.3728,843,Paul Pot,0.0011,843,Pol Pot,0.3728
844,segmental duplications,0.0549,844,Partially copied,0.0,844,Copy the segment,0.0002,844,The cataract complications,0.0,844,The double edged sword,0.0,844,double segmented,0.0,844,Segmental duplications,0.0549,844,segmental duplications,0.0549,844,duplication of the segment,0.0549,844,division double,0.0,844,segmental duplications,0.0549
845,New Jersey tomato,0.3806,845,New Jersey tomatoes are the best,0.3077,845,The New Jersey tomatoes,0.3806,845,New Jersey tomatoes,0.3806,845,The New Jersey tomatoes,0.3806,845,Tomatoes from New Jersey,0.3622,845,Tomatoes from New Jersey,0.3622,845,Tomatoes from New Jersey,0.3622,845,New Jersey tomatoes,0.3806,845,New Jersey tomatoes,0.3806,845,New Jersey s grandmother,0.0001
846,heredity and obesity,0.1802,846,Genetics and obesity,0.0671,846,Genetics and obesity,0.0671,846,Genetics and obesity,0.0671,846,Genetic and obese,0.0671,846,inherited and obese,0.0266,846,Inheritance and Obesity,0.0266,846,inheritance and obesity,0.0266,846,offspring and obesity,0.0061,846,Genetic and obesity,0.0671,846,Inheritance and obesity,0.0266
847,Portugal World War II,0.2543,847,Portugal during the Second World War,0.3586,847,Portugal during the Second World War,0.3586,847,Portugal World War II,0.2543,847,Portugal during World War II,0.304,847,Portugal in the Second World War,0.2961,847,Portugal Second World War,0.2961,847,Portugal Second world war,0.2961,847,Portugal during World War II,0.304,847,Portugal during World War II,0.304,847,Portugal during World War II,0.304
848,radio station call letters,0.1069,848,The radio call letters,0.0439,848,Telephone mail from the radio station,0.0102,848,Call messages to the radio station,0.0066,848,The radio station s call letters,0.062,848,Letters of call from the radio station,0.1185,848,Telephone calls from radio stations,0.008,848,Calls to the radio station,0.0224,848,Radio station call letters,0.1069,848,Radio station call letters,0.1069,848,telephone letters from a radio station,0.0669
849,Scalable Vector Graphics,0.2102,849,Expandable vector map,0.0,849,Expandable vector graphics,0.0081,849,Growing vector graphics,0.0054,849,Scalable metric graphics,0.0107,849,The following table shows the evolutionary vector graphs,0.0007,849,Scalable vector graphics,0.2102,849,Scalable vector graphs,0.0201,849,Vector graphs that can be measured,0.0013,849,Scable vector charts,0.0,849,Scalable Vector Graphics,0.2102
850,Mississippi River flood,0.2103,850,The flooding of the Mississippi River,0.2103,850,The Mississippi River Flood,0.2103,850,The Mississippi flood,0.2449,850,Flooding of the Mississippi River,0.2103,850,Flooding of the Mississippi River,0.2103,850,Flooding of the Mississippi,0.2449,850,The Mississippi River Flood,0.2103,850,Flooding of the Mississippi River,0.2103,850,The Mississippi River Flood,0.2103,850,The Mississippi River is about to decay,0.013
