qid,abstractqueryexpansion,abstractqueryexpansion.bm25.map,qid,thesaurus.topn3,thesaurus.topn3.bm25.map,qid,thesaurus.topn3.replace,thesaurus.topn3.replace.bm25.map
20051,cuttle fish bone,,20051,cuttle fish bone,,20051,cuttle fish bone,
20054,50plus,,20054,  plus,,20054,50plus,
20055,usairway,,20055,usairway,,20055,usairway,
20056,sythe,,20056,sythe,,20056,sythe,
20058,livermore,,20058,livermore,,20058,livermore,
20059,satue of liberty,,20059,satue liberty,,20059,satue liberty,
20061,area codes,,20061,area codes,,20061,area codes,
20062,actinomyces bovis,,20062,actinomyces bovis,,20062,actinomyces bovis,
20065,rock and gem shows,,20065,rock gem shows,,20065,rock gem shows,
20066,record fish caught,,20066,record fish caught,,20066,record fish caught,
20067,programming a remote control,,20067,programming remote control,,20067,programming remote control,
20069,psuedopregnancy,,20069,psuedopregnancy,,20069,psuedopregnancy,
20073,suzy leonard,,20073,suzy leonard,,20073,suzy leonard,
20076,collagen vascular disease,,20076,collagen vascular disease,,20076,collagen vascular disease,
20077,hansen quads,,20077,hansen quads,,20077,hansen quads,
20081,video game artist,,20081,video game artist,,20081,video game artist,
20082,ct fire academy,,20082,ct fire academy,,20082,ct fire academy,
20092,frank tejeda clinic,,20092,frank tejeda clinic,,20092,frank tejeda clinic,
20093,arizonalottery,,20093,arizonalottery,,20093,arizonalottery,
20094,chevy colorado gas mileage,,20094,chevy colorado gas mileage,,20094,chevy colorado gas mileage,
20096,white star auction,,20096,white star auction,,20096,white star auction,
20098,chase credit card,,20098,chase credit card,,20098,chase credit card,
20101,join job corps,,20101,join job corps,,20101,join job corps,
20102,jimmy earl carter,,20102,jimmy earl carter,,20102,jimmy earl carter,
20103,ventral cavity,,20103,ventral cavity,,20103,ventral cavity,
20104,blount county sheriff department,,20104,blount county sheriff department,,20104,blount county sheriff department,
20107,athens post office,,20107,athens post office,,20107,athens post office,
20108,eleanor sobel,,20108,eleanor sobel,,20108,eleanor sobel,
20110,my own background check,,20110,background check,,20110,background check,
20111,dodge caliber,,20111,dodge caliber,,20111,dodge caliber,
20112,assumption of mary,,20112,assumption mary,,20112,assumption mary,
20113,city of barstow,,20113,city barstow,,20113,city barstow,
20119,algerian airlines,,20119,algerian airlines,,20119,algerian airlines,
20121,suspicious numbers,,20121,suspicious numbers,,20121,suspicious numbers,
20122,gardner community center,,20122,gardner community center,,20122,gardner community center,
20123,who was lincolns vice president,,20123,lincolns vice president,,20123,lincolns vice president,
20124,iowa girls high school basketball,,20124,iowa girls high school basketball,,20124,iowa girls high school basketball,
20130,cayenne pepper plants,,20130,cayenne pepper plants,,20130,cayenne pepper plants,
20131,washington mutual bank home page,,20131,washington mutual bank home page,,20131,washington mutual bank home page,
20135,montgomery county court,,20135,montgomery county court,,20135,montgomery county court,
20137,haulover beach fl,,20137,haulover beach fl,,20137,haulover beach fl,
20138,nacvso,,20138,nacvso,,20138,nacvso,
20139,silicone roof coatings,,20139,silicone roof coatings,,20139,silicone roof coatings,
20141,orlando weather 7 day forecast,,20141,orlando weather   day forecast,,20141,orlando weather day forecast,
20145,raisin in the sun,,20145,raisin sun,,20145,raisin sun,
20146,carmen electra video,,20146,carmen electra video,,20146,carmen electra video,
20147,all bmw models,,20147,bmw models,,20147,bmw models,
20149,weddings,,20149,weddings,,20149,weddings,
20154,dream protein,,20154,dream protein,,20154,dream protein,
20162,msdha,,20162,msdha,,20162,msdha,
20163,history crossword,,20163,history crossword,,20163,history crossword,
20164,baptist church interiors,,20164,baptist church interiors,,20164,baptist church interiors,
20168,spyware,,20168,spyware,,20168,spyware,
20170,laxative with stool softener,,20170,laxative stool softener,,20170,laxative stool softener,
20174,american social health association,,20174,american social health association,,20174,american social health association,
20176,cross stitch,,20176,cross stitch,,20176,cross stitch,
20179,mercier press,,20179,mercier press,,20179,mercier press,
20180,stuffed bell peppers,,20180,stuffed bell peppers,,20180,stuffed bell peppers,
20181,mid america science museum,,20181,mid america science museum,,20181,mid america science museum,
20185,welch corgi,,20185,welch corgi,,20185,welch corgi,
20186,depression symtoms,,20186,depression symtoms,,20186,depression symtoms,
20188,what causes itchy feet,,20188,causes itchy feet,,20188,causes itchy feet,
20189,private process server,,20189,private process server,,20189,private process server,
20190,greg hewett,,20190,greg hewett,,20190,greg hewett,
20192,clox test,,20192,clox test,,20192,clox test,
20198,tyler texas weather,,20198,tyler texas weather,,20198,tyler texas weather,
20200,vanderbilt burn center,,20200,vanderbilt burn center,,20200,vanderbilt burn center,
20203,charles basil,,20203,charles basil,,20203,charles basil,
20206,cyberonics,,20206,cyberonics,,20206,cyberonics,
20207,michael olesker,,20207,michael olesker,,20207,michael olesker,
20208,coronation street update,,20208,coronation street update,,20208,coronation street update,
20209,arm wrestling,,20209,arm wrestling,,20209,arm wrestling,
20211,usa today,,20211,usa today,,20211,usa today,
20213,calverton national cemetary,,20213,calverton national cemetary,,20213,calverton national cemetary,
20215,report medicare fraud,,20215,report medicare fraud,,20215,report medicare fraud,
20216,glenns ferry,,20216,glenns ferry,,20216,glenns ferry,
20219,hardees,,20219,hardees,,20219,hardees,
20221,premedication for dental procedures,,20221,premedication dental procedures,,20221,premedication dental procedures,
20225,workforce of utah,,20225,workforce utah,,20225,workforce utah,
20227,tetanus shot,,20227,tetanus shot,,20227,tetanus shot,
20229,christmas stocking stuffers,,20229,christmas stocking stuffers,,20229,christmas stocking stuffers,
20230,brooklyn va medical center,,20230,brooklyn va medical center,,20230,brooklyn va medical center,
20232,variocose veins,,20232,variocose veins,,20232,variocose veins,
20237,lomustine,,20237,lomustine,,20237,lomustine,
20239,nh wine,,20239,nh wine,,20239,nh wine,
20244,colonel henry knox,,20244,colonel henry knox,,20244,colonel henry knox,
20245,iud birth control,,20245,iud birth control,,20245,iud birth control,
20247,red in stool,,20247,red stool,,20247,red stool,
20249,sharpening twist drills,,20249,sharpening twist drills,,20249,sharpening twist drills,
20250,benedryl for dog,,20250,benedryl dog,,20250,benedryl dog,
20251,swahili dishes,,20251,swahili dishes,,20251,swahili dishes,
20254,commonwealth state,,20254,commonwealth state,,20254,commonwealth state,
20255,unearned income tax table,,20255,unearned income tax table,,20255,unearned income tax table,
20257,us posmaster,,20257,us posmaster,,20257,us posmaster,
20260,ziune,,20260,ziune,,20260,ziune,
20266,the food pyrimid,,20266,food pyrimid,,20266,food pyrimid,
20271,tax questions,,20271,tax questions,,20271,tax questions,
20272,buddishim,,20272,buddishim,,20272,buddishim,
20273,bain de soleil,,20273,bain de soleil,,20273,bain de soleil,
20275,dune buggy insurance,,20275,dune buggy insurance,,20275,dune buggy insurance,
20277,ribble cycles,,20277,ribble cycles,,20277,ribble cycles,
20278,aircanada,,20278,aircanada,,20278,aircanada,
20280,foursomes,,20280,foursomes,,20280,foursomes,
20283,flags,,20283,flags,,20283,flags,
20286,early pregnancy tests,,20286,early pregnancy tests,,20286,early pregnancy tests,
20288,3rd grade books,,20288, rd grade books,,20288, rd grade books,
20290,karger publishing,,20290,karger publishing,,20290,karger publishing,
20298,commercial liability insurance,,20298,commercial liability insurance,,20298,commercial liability insurance,
20300,gold eagle,,20300,gold eagle,,20300,gold eagle,
20308,phd degrees in social work,,20308,phd degrees social work,,20308,phd degrees social work,
20310,virginia aquarium,,20310,virginia aquarium,,20310,virginia aquarium,
20312,wichita white pages,,20312,wichita white pages,,20312,wichita white pages,
20313,weather in nyc,,20313,weather nyc,,20313,weather nyc,
20319,west oaklane charter school,,20319,west oaklane charter school,,20319,west oaklane charter school,
20323,what is a home equity line,,20323,home equity line,,20323,home equity line,
20327,pitahaya,,20327,pitahaya,,20327,pitahaya,
20328,flight simulators,,20328,flight simulators,,20328,flight simulators,
20330,irving berlin,,20330,irving berlin,,20330,irving berlin,
20332,gbi crime lab,,20332,gbi crime lab,,20332,gbi crime lab,
20338,munster steel,,20338,munster steel,,20338,munster steel,
20339,houston community college,,20339,houston community college,,20339,houston community college,
20340,world political map,,20340,world political map,,20340,world political map,
20343,windows media player 9,,20343,windows media player,,20343,windows media player,
20344,football plays,,20344,football plays,,20344,football plays,
20347,stride rite,,20347,stride rite,,20347,stride rite,
20352,hopi food,,20352,hopi food,,20352,hopi food,
20353,weather seattle,,20353,weather seattle,,20353,weather seattle,
20357,hobcaw barony,,20357,hobcaw barony,,20357,hobcaw barony,
20358,midlands bible college,,20358,midlands bible college,,20358,midlands bible college,
20359,05 mitsubishi eclipse,,20359,   mitsubishi eclipse,,20359,mitsubishi eclipse,
20362,peacecorp,,20362,peacecorp,,20362,peacecorp,
20363,ri vineyards,,20363,ri vineyards,,20363,ri vineyards,
20364,fiberglass cupola,,20364,fiberglass cupola,,20364,fiberglass cupola,
20365,canton ct,,20365,canton ct,,20365,canton ct,
20366,nye county school district,,20366,nye county school district,,20366,nye county school district,
20368,aluminium extrusion,,20368,aluminium extrusion,,20368,aluminium extrusion,
20371,third quarter moon,,20371,third quarter moon,,20371,third quarter moon,
20375,state of mississippi,,20375,state mississippi,,20375,state mississippi,
20378,honsodor hawaii,,20378,honsodor hawaii,,20378,honsodor hawaii,
20379,kidney disease,,20379,kidney disease,,20379,kidney disease,
20380,eastlake community center,,20380,eastlake community center,,20380,eastlake community center,
20384,dating violence,,20384,dating violence,,20384,dating violence,
20387,archaeology,,20387,archaeology,,20387,archaeology,
20388,3m,,20388, m,,20388, m,
20389,dictonaries,,20389,dictonaries,,20389,dictonaries,
20390,herald mail,,20390,herald mail,,20390,herald mail,
20392,relenza,,20392,relenza,,20392,relenza,
20393,blink reflex,,20393,blink reflex,,20393,blink reflex,
20395,amtrak emeryville,,20395,amtrak emeryville,,20395,amtrak emeryville,
20396,acrobat reader 7,,20396,acrobat reader,,20396,acrobat reader,
20398,variable number tandem repeat,,20398,variable number tandem repeat,,20398,variable number tandem repeat,
20399,how to get around surf control,,20399,get around surf control,,20399,get around surf control,
20405,347 ford engines,,20405,    ford engines,,20405,ford engines,
20409,newspapers,,20409,newspapers,,20409,newspapers,
20411,black hole pictures,,20411,black hole pictures,,20411,black hole pictures,
20412,hospital anxiety and depression scale,,20412,hospital anxiety depression scale,,20412,hospital anxiety depression scale,
20416,companies that hire secret shoppers,,20416,companies hire secret shoppers,,20416,companies hire secret shoppers,
20419,how to get a divorce,,20419,get divorce,,20419,get divorce,
20420,ibew,,20420,ibew,,20420,ibew,
20422,greek husbands,,20422,greek husbands,,20422,greek husbands,
20424,growing tomatoes,,20424,growing tomatoes,,20424,growing tomatoes,
20425,888 numbers,,20425,    numbers,,20425,numbers,
20426,arthur vasquez,,20426,arthur vasquez,,20426,arthur vasquez,
20429,acutron,,20429,acutron,,20429,acutron,
20431,oaklandtribune,,20431,oaklandtribune,,20431,oaklandtribune,
20432,add,,20432,add,,20432,add,
20434,dmv san francisco,,20434,dmv san francisco,,20434,dmv san francisco,
20435,burrito recipes,,20435,burrito recipes,,20435,burrito recipes,
20437,smug mug photography,,20437,smug mug photography,,20437,smug mug photography,
20440,hotels near downtown houston,,20440,hotels near downtown houston,,20440,hotels near downtown houston,
20445,circumferance,,20445,circumferance,,20445,circumferance,
20448,council bluffs,,20448,council bluffs,,20448,council bluffs,
20451,marilyn bohn,,20451,marilyn bohn,,20451,marilyn bohn,
20455,fraxel laser,,20455,fraxel laser,,20455,fraxel laser,
20457,modern maid wall oven,,20457,modern maid wall oven,,20457,modern maid wall oven,
20459,washington post sudoku,,20459,washington post sudoku,,20459,washington post sudoku,
20460,troy built dealers,,20460,troy built dealers,,20460,troy built dealers,
20463,the weather,,20463,weather,,20463,weather,
20464,crab dip appetizer,,20464,crab dip appetizer,,20464,crab dip appetizer,
20467,sanctuary lyrics,,20467,sanctuary lyrics,,20467,sanctuary lyrics,
20468,san diego parking,,20468,san diego parking,,20468,san diego parking,
20470,tetanus vaccine,,20470,tetanus vaccine,,20470,tetanus vaccine,
20472,ambra jones,,20472,ambra jones,,20472,ambra jones,
20480,randy miller,,20480,randy miller,,20480,randy miller,
20481,calvert cliffs maryland,,20481,calvert cliffs maryland,,20481,calvert cliffs maryland,
20482,girls getting it on,,20482,girls getting,,20482,girls getting,
20484,lake maps,,20484,lake maps,,20484,lake maps,
20485,german pens,,20485,german pens,,20485,german pens,
20486,frying pan tower,,20486,frying pan tower,,20486,frying pan tower,
20488,american express travel,,20488,american express travel,,20488,american express travel,
20490,prc,,20490,prc,,20490,prc,
20493,how to gain weight,,20493,gain weight,,20493,gain weight,
20496,goodyear fuel max tires,,20496,goodyear fuel max tires,,20496,goodyear fuel max tires,
20500,bank holding companies,,20500,bank holding companies,,20500,bank holding companies,
20503,zylotol,,20503,zylotol,,20503,zylotol,
20505,bravo network,,20505,bravo network,,20505,bravo network,
20507,wilson,,20507,wilson,,20507,wilson,
20516,dreamweaver software,,20516,dreamweaver software,,20516,dreamweaver software,
20517,wilsons disease,,20517,wilsons disease,,20517,wilsons disease,
20523,myron corporation,,20523,myron corporation,,20523,myron corporation,
20526,air tran airlines,,20526,air tran airlines,,20526,air tran airlines,
20527,molly strong,,20527,molly strong,,20527,molly strong,
20528,pinecrest tropical gardens,,20528,pinecrest tropical gardens,,20528,pinecrest tropical gardens,
20530,menstrual cycle,,20530,menstrual cycle,,20530,menstrual cycle,
20533,foreclosures list,,20533,foreclosures list,,20533,foreclosures list,
20535,nbc richard engel,,20535,nbc richard engel,,20535,nbc richard engel,
20536,external radiation therapy,,20536,external radiation therapy,,20536,external radiation therapy,
20537,golden gate bridge,,20537,golden gate bridge,,20537,golden gate bridge,
20538,carl epstein,,20538,carl epstein,,20538,carl epstein,
20539,model trains,,20539,model trains,,20539,model trains,
20542,how does the fly pentop computer work,,20542,fly pentop computer work,,20542,fly pentop computer work,
20544,history of saint barthelemy,,20544,history saint barthelemy,,20544,history saint barthelemy,
20545,pita recipe,,20545,pita recipe,,20545,pita recipe,
20546,rio grande,,20546,rio grande,,20546,rio grande,
20548,ankle implants,,20548,ankle implants,,20548,ankle implants,
20551,squash cassarole recipes,,20551,squash cassarole recipes,,20551,squash cassarole recipes,
20555,glenohumeral subluxation,,20555,glenohumeral subluxation,,20555,glenohumeral subluxation,
20556,menorraghia,,20556,menorraghia,,20556,menorraghia,
20557,how to buy tax liens,,20557,buy tax liens,,20557,buy tax liens,
20559,cellular phone directory,,20559,cellular phone directory,,20559,cellular phone directory,
20560,sports kits,,20560,sports kits,,20560,sports kits,
20567,kathy ireland,,20567,kathy ireland,,20567,kathy ireland,
20569,clarksville tn rental property,,20569,clarksville tn rental property,,20569,clarksville tn rental property,
20570,lg lhd45el,,20570,lg lhd  el,,20570,lg lhd  el,
20573,greece,,20573,greece,,20573,greece,
20574,acidophilus,,20574,acidophilus,,20574,acidophilus,
20578,houses for sale by auction,,20578,houses sale auction,,20578,houses sale auction,
20579,garfield county school district colorado,,20579,garfield county school district colorado,,20579,garfield county school district colorado,
20581,piggly wiggly store ads,,20581,piggly wiggly store ads,,20581,piggly wiggly store ads,
20583,saugerties central school district,,20583,saugerties central school district,,20583,saugerties central school district,
20584,home remedies for canker sores,,20584,home remedies canker sores,,20584,home remedies canker sores,
20586,weston,,20586,weston,,20586,weston,
20589,nikki swanson,,20589,nikki swanson,,20589,nikki swanson,
20590,window well,,20590,window well,,20590,window well,
20591,microsoft home,,20591,microsoft home,,20591,microsoft home,
20592,itching inside chest,,20592,itching inside chest,,20592,itching inside chest,
20595,texas auction academy,,20595,texas auction academy,,20595,texas auction academy,
20596,gsa catalog,,20596,gsa catalog,,20596,gsa catalog,
20597,dumpster rental,,20597,dumpster rental,,20597,dumpster rental,
20598,route 666,,20598,route,,20598,route,
20601,garlic cholesterol,,20601,garlic cholesterol,,20601,garlic cholesterol,
20603,klinger gaskets,,20603,klinger gaskets,,20603,klinger gaskets,
20604,honda insight,,20604,honda insight,,20604,honda insight,
20605,causes of the cold war,,20605,causes cold war,,20605,causes cold war,
20607,hawaii real estate,,20607,hawaii real estate,,20607,hawaii real estate,
20608,cia hyde park,,20608,cia hyde park,,20608,cia hyde park,
20614,danny elfman,,20614,danny elfman,,20614,danny elfman,
20617,cowboy crafts,,20617,cowboy crafts,,20617,cowboy crafts,
20618,hematology reports,,20618,hematology reports,,20618,hematology reports,
20620,weather in eastern carribbean,,20620,weather eastern carribbean,,20620,weather eastern carribbean,
20622,pielet brothers,,20622,pielet brothers,,20622,pielet brothers,
20624,george sanders,,20624,george sanders,,20624,george sanders,
20625,wounded warrior act,,20625,wounded warrior act,,20625,wounded warrior act,
20628,krypton diagram,,20628,krypton diagram,,20628,krypton diagram,
20629,magnetic fields,,20629,magnetic fields,,20629,magnetic fields,
20630,tonga,,20630,tonga,,20630,tonga,
20631,hague convention,,20631,hague convention,,20631,hague convention,
20641,new bedford rmv,,20641,new bedford rmv,,20641,new bedford rmv,
20642,ph levels,,20642,ph levels,,20642,ph levels,
20643,architects in new jersey,,20643,architects new jersey,,20643,architects new jersey,
20644,vice president richard nixon,,20644,vice president richard nixon,,20644,vice president richard nixon,
20649,wentzville school district,,20649,wentzville school district,,20649,wentzville school district,
20650,nicknames,,20650,nicknames,,20650,nicknames,
20652,best free people finder,,20652,best free people finder,,20652,best free people finder,
20655,foodnetwork,,20655,foodnetwork,,20655,foodnetwork,
20656,1940 census,,20656,     census,,20656,census,
20657,background disclosure forms,,20657,background disclosure forms,,20657,background disclosure forms,
20658,east orange va,,20658,east orange va,,20658,east orange va,
20660,berkley insurance,,20660,berkley insurance,,20660,berkley insurance,
20661,technology in the medical field,,20661,technology medical field,,20661,technology medical field,
20662,abbeyville sc,,20662,abbeyville sc,,20662,abbeyville sc,
20663,antique stoneware crock,,20663,antique stoneware crock,,20663,antique stoneware crock,
20668,more cowbell script,,20668,cowbell script,,20668,cowbell script,
20669,eriogonum jamesii,,20669,eriogonum jamesii,,20669,eriogonum jamesii,
20682,sterling planet,,20682,sterling planet,,20682,sterling planet,
20686,jobs in washington,,20686,jobs washington,,20686,jobs washington,
20688,skagit valley herald,,20688,skagit valley herald,,20688,skagit valley herald,
20691,airport parking,,20691,airport parking,,20691,airport parking,
20697,dooney bourke look alike,,20697,dooney bourke look alike,,20697,dooney bourke look alike,
20699,pain relief,,20699,pain relief,,20699,pain relief,
20704,detroit riot,,20704,detroit riot,,20704,detroit riot,
20705,choreathetosis,,20705,choreathetosis,,20705,choreathetosis,
20708,photograph to digital converter,,20708,photograph digital converter,,20708,photograph digital converter,
20710,atlantis games,,20710,atlantis games,,20710,atlantis games,
20713,knotts berry farm,,20713,knotts berry farm,,20713,knotts berry farm,
20718,sno bikes,,20718,sno bikes,,20718,sno bikes,
20719,barack obama senator for illinois,,20719,barack obama senator illinois,,20719,barack obama senator illinois,
20721,constitution of italy,,20721,constitution italy,,20721,constitution italy,
20722,pokemon episode guide,,20722,pokemon episode guide,,20722,pokemon episode guide,
20725,dooney burke outlet store,,20725,dooney burke outlet store,,20725,dooney burke outlet store,
20726,vista add printer,,20726,vista add printer,,20726,vista add printer,
20727,ovulation calendar,,20727,ovulation calendar,,20727,ovulation calendar,
20729,lonely indian housewives,,20729,lonely indian housewives,,20729,lonely indian housewives,
20732,saint maarten weather,,20732,saint maarten weather,,20732,saint maarten weather,
20733,navy swords,,20733,navy swords,,20733,navy swords,
20736,oakwood friends school,,20736,oakwood friends school,,20736,oakwood friends school,
20738,locks of love,,20738,locks love,,20738,locks love,
20740,pelican harbor marina,,20740,pelican harbor marina,,20740,pelican harbor marina,
20741,polk county texas,,20741,polk county texas,,20741,polk county texas,
20744,craig olejnik,,20744,craig olejnik,,20744,craig olejnik,
20746,borg warner,,20746,borg warner,,20746,borg warner,
20747,very short dress,,20747,short dress,,20747,short dress,
20748,carolina speedway,,20748,carolina speedway,,20748,carolina speedway,
20749,hospital acquired pneumonia,,20749,hospital acquired pneumonia,,20749,hospital acquired pneumonia,
20752,brian nord,,20752,brian nord,,20752,brian nord,
20754,eagle airport colorado,,20754,eagle airport colorado,,20754,eagle airport colorado,
20756,make a bird bath,,20756,make bird bath,,20756,make bird bath,
20757,obesity hypoventilation syndrome,,20757,obesity hypoventilation syndrome,,20757,obesity hypoventilation syndrome,
20762,hrsa nursing scholarship,,20762,hrsa nursing scholarship,,20762,hrsa nursing scholarship,
20764,green darner dragonfly,,20764,green darner dragonfly,,20764,green darner dragonfly,
20766,prescription diet pills,,20766,prescription diet pills,,20766,prescription diet pills,
20768,mileage tax credit,,20768,mileage tax credit,,20768,mileage tax credit,
20771,newport university california,,20771,newport university california,,20771,newport university california,
20772,bree olson,,20772,bree olson,,20772,bree olson,
20773,football,,20773,football,,20773,football,
20774,extreme dating,,20774,extreme dating,,20774,extreme dating,
20776,nissan pickup gas mileage,,20776,nissan pickup gas mileage,,20776,nissan pickup gas mileage,
20777,spain weather conditions,,20777,spain weather conditions,,20777,spain weather conditions,
20781,exercises to lose weight,,20781,exercises lose weight,,20781,exercises lose weight,
20783,tewksbury mass,,20783,tewksbury mass,,20783,tewksbury mass,
20785,warrant officer,,20785,warrant officer,,20785,warrant officer,
20786,bbq rubs,,20786,bbq rubs,,20786,bbq rubs,
20795,all earthquake list,,20795,earthquake list,,20795,earthquake list,
20796,poseidon industries,,20796,poseidon industries,,20796,poseidon industries,
20797,firefly bus,,20797,firefly bus,,20797,firefly bus,
20799,riverbend park,,20799,riverbend park,,20799,riverbend park,
20803,kentucky lemon law,,20803,kentucky lemon law,,20803,kentucky lemon law,
20805,simmons and rockwell,,20805,simmons rockwell,,20805,simmons rockwell,
20806,solar roof vent,,20806,solar roof vent,,20806,solar roof vent,
20808,healthy recipes,,20808,healthy recipes,,20808,healthy recipes,
20809,quality of life measures,,20809,quality life measures,,20809,quality life measures,
20810,the tides at charleston on staten island,,20810,tides charleston staten island,,20810,tides charleston staten island,
20812,free email directory,,20812,free email directory,,20812,free email directory,
20815,dreamland inc,,20815,dreamland inc,,20815,dreamland inc,
20816,credit card debt consolidation loan,,20816,credit card debt consolidation loan,,20816,credit card debt consolidation loan,
20817,alternative medicine,,20817,alternative medicine,,20817,alternative medicine,
20819,work from home data entry jobs,,20819,work home data entry jobs,,20819,work home data entry jobs,
20822,keflex for animals,,20822,keflex animals,,20822,keflex animals,
20824,stevens jonson syndrome,,20824,stevens jonson syndrome,,20824,stevens jonson syndrome,
20830,toyota corolla,,20830,toyota corolla,,20830,toyota corolla,
20831,health recipes,,20831,health recipes,,20831,health recipes,
20832,orlando sentinel,,20832,orlando sentinel,,20832,orlando sentinel,
20834,4th amendment,,20834, th amendment,,20834, th amendment,
20837,huntsville alabama,,20837,huntsville alabama,,20837,huntsville alabama,
20839,nj dmv,,20839,nj dmv,,20839,nj dmv,
20845,bryman school phoenix,,20845,bryman school phoenix,,20845,bryman school phoenix,
20849,enrique iglesias songs,,20849,enrique iglesias songs,,20849,enrique iglesias songs,
20851,skirvin hotel oklahoma,,20851,skirvin hotel oklahoma,,20851,skirvin hotel oklahoma,
20852,when is take your child to work day,,20852,take child work day,,20852,take child work day,
20854,hidden cove golf course,,20854,hidden cove golf course,,20854,hidden cove golf course,
20855,rotor disease,,20855,rotor disease,,20855,rotor disease,
20859,blackrock depths,,20859,blackrock depths,,20859,blackrock depths,
20860,wktv,,20860,wktv,,20860,wktv,
20863,free translation,,20863,free translation,,20863,free translation,
20864,annual vehicle inspection report,,20864,annual vehicle inspection report,,20864,annual vehicle inspection report,
20866,palmer community center,,20866,palmer community center,,20866,palmer community center,
20870,free cell phones,,20870,free cell phones,,20870,free cell phones,
20872,tru chocolate,,20872,tru chocolate,,20872,tru chocolate,
20873,hillside strangler,,20873,hillside strangler,,20873,hillside strangler,
20874,seattle city council,,20874,seattle city council,,20874,seattle city council,
20875,virginia department of education,,20875,virginia department education,,20875,virginia department education,
20879,taylor manor hospital,,20879,taylor manor hospital,,20879,taylor manor hospital,
20882,weight management,,20882,weight management,,20882,weight management,
20883,west coast fossil park,,20883,west coast fossil park,,20883,west coast fossil park,
20886,indocrin,,20886,indocrin,,20886,indocrin,
20889,moakley building,,20889,moakley building,,20889,moakley building,
20890,trust funds,,20890,trust funds,,20890,trust funds,
20891,5 food groups,,20891,  food groups,,20891,food groups,
20895,center solar system,,20895,center solar system,,20895,center solar system,
20897,bbc science news,,20897,bbc science news,,20897,bbc science news,
20898,weather tampa bay,,20898,weather tampa bay,,20898,weather tampa bay,
20899,jack nicholson movies,,20899,jack nicholson movies,,20899,jack nicholson movies,
20906,tea,,20906,tea,,20906,tea,
20910,yersinia,,20910,yersinia,,20910,yersinia,
20912,burger king,,20912,burger king,,20912,burger king,
20914,buckeye police department,,20914,buckeye police department,,20914,buckeye police department,
20915,cash gifting programs,,20915,cash gifting programs,,20915,cash gifting programs,
20916,doughton park,,20916,doughton park,,20916,doughton park,
20921,campaign contribution limits,,20921,campaign contribution limits,,20921,campaign contribution limits,
20923,elevated right hemidiaphragm,,20923,elevated right hemidiaphragm,,20923,elevated right hemidiaphragm,
20925,western quilt patterns,,20925,western quilt patterns,,20925,western quilt patterns,
20927,humana health care,,20927,humana health care,,20927,humana health care,
20930,britney spears tattoo,,20930,britney spears tattoo,,20930,britney spears tattoo,
20932,translate german to english,,20932,translate german english,,20932,translate german english,
20935,heskin hall,,20935,heskin hall,,20935,heskin hall,
20936,stuff magazine online,,20936,stuff magazine online,,20936,stuff magazine online,
20937,oil gas scams,,20937,oil gas scams,,20937,oil gas scams,
20938,chemistry set,,20938,chemistry set,,20938,chemistry set,
20944,craigslist nh,,20944,craigslist nh,,20944,craigslist nh,
20945,belle isle detroit,,20945,belle isle detroit,,20945,belle isle detroit,
20950,berkshire hathaway,,20950,berkshire hathaway,,20950,berkshire hathaway,
20955,matt ferber,,20955,matt ferber,,20955,matt ferber,
20956,dental hygiene schools,,20956,dental hygiene schools,,20956,dental hygiene schools,
20960,pest control education,,20960,pest control education,,20960,pest control education,
20962,diy+audio,,20962,diy audio,,20962,diy audio,
20964,treatment for renal cell cancer,,20964,treatment renal cell cancer,,20964,treatment renal cell cancer,
20965,ritz camera,,20965,ritz camera,,20965,ritz camera,
20967,seal team 6,,20967,seal team,,20967,seal team,
20969,oregon employment,,20969,oregon employment,,20969,oregon employment,
20972,vice president residence,,20972,vice president residence,,20972,vice president residence,
20973,oh dmv,,20973,oh dmv,,20973,oh dmv,
20975,michaels craft store,,20975,michaels craft store,,20975,michaels craft store,
20976,sudoku,,20976,sudoku,,20976,sudoku,
20977,fc kerbeck,,20977,fc kerbeck,,20977,fc kerbeck,
20978,william clark,,20978,william clark,,20978,william clark,
20985,official dart board measurements,,20985,official dart board measurements,,20985,official dart board measurements,
20988,get directions,,20988,get directions,,20988,get directions,
20991,hostage rescue team,,20991,hostage rescue team,,20991,hostage rescue team,
20994,the oregonian newspaper,,20994,oregonian newspaper,,20994,oregonian newspaper,
20996,guillermo venegas lloveras,,20996,guillermo venegas lloveras,,20996,guillermo venegas lloveras,
20998,tamaxifen,,20998,tamaxifen,,20998,tamaxifen,
20999,detroit things to do,,20999,detroit things,,20999,detroit things,
21000,madd michigan victim impact panel,,21000,madd michigan victim impact panel,,21000,madd michigan victim impact panel,
21532,bridges in michigan,,21532,bridges michigan,,21532,bridges michigan,
21593,rutledge georgia,,21593,rutledge georgia,,21593,rutledge georgia,
21745,almeria,,21745,almeria,,21745,almeria,
22952,rosary hill ny,,22952,rosary hill ny,,22952,rosary hill ny,
23912,collegeville pennsylvania,,23912,collegeville pennsylvania,,23912,collegeville pennsylvania,
24991,dictionary of american naval fighting ships,,24991,dictionary american naval fighting ships,,24991,dictionary american naval fighting ships,
25122,birthplace of george washington,,25122,birthplace george washington,,25122,birthplace george washington,
